title,genres,keywords,director,cast,year,vote_average,runtime,overview,country
"Interstellar","Adventure Drama Science Fiction","wormhole space travel black hole relativity love across time existential","Christopher Nolan","Matthew McConaughey Anne Hathaway Jessica Chastain Michael Caine",2014,8.4,169,"The adventures of a group of explorers who make use of a newly discovered wormhole to surpass the limitations on human space travel and conquer the vast distances involved in an interstellar voyage.",United States
"Inception","Action Science Fiction Adventure","dreams subconscious heist mind-bending totem reality","Christopher Nolan","Leonardo DiCaprio Joseph Gordon-Levitt Elliot Page Tom Hardy",2010,8.4,148,"Cobb, a skilled thief who steals corporate secrets through dream-sharing technology, is given the inverse task of planting an idea into the mind of a C.E.O.",United States
"Memento","Mystery Thriller","amnesia reverse chronology unreliable narrator polaroid tattoos","Christopher Nolan","Guy Pearce Carrie-Anne Moss Joe Pantoliano",2000,8.2,113,"Leonard Shelby, who is tracking down the man who raped and murdered his wife, suffers from a rare form of short-term memory loss and uses notes and tattoos to hunt for justice.",United States
"Ex Machina","Drama Science Fiction Thriller","artificial intelligence turing test psychological game isolation manipulation","Alex Garland","Domhnall Gleeson Alicia Vikander Oscar Isaac",2015,7.6,108,"Caleb, a 26-year-old coder at the world's largest internet company, wins a competition to spend a week at a private mountain retreat belonging to the company's reclusive CEO, only to administer a Turing test to an intelligent female android.",United Kingdom
"Forrest Gump","Comedy Drama Romance","destiny running vietnam friendship wholesome nostalgic","Robert Zemeckis","Tom Hanks Robin Wright Gary Sinise Sally Field",1994,8.5,142,"A man with a low IQ has accomplished great things in his life and been present during significant historic events—in each case, far exceeding what anyone imagined he could do.",United States
"Spotlight","Drama History","journalism investigation truth justice boston globe","Tom McCarthy","Mark Ruffalo Michael Keaton Rachel McAdams Liev Schreiber",2015,8.1,129,"The true story of how the Boston Globe uncovered the massive scandal of child molestation and cover-up within the local Catholic Archdiocese, shaking the entire Catholic Church to its core.",United States
"Amélie","Comedy Romance","paris whimsical kindness quirky romance feel-good","Jean-Pierre Jeunet","Audrey Tautou Mathieu Kassovitz Rufus",2001,8.3,122,"Amélie is an innocent and naive girl in Paris with her own sense of justice. She decides to help those around her and, along the way, discovers love.",France
"Parasite","Comedy Thriller Drama","class struggle dark humor con artist suspense social commentary","Bong Joon-ho","Song Kang-ho Lee Sun-kyun Cho Yeo-jeong Choi Woo-shik",2019,8.5,132,"All unemployed, Ki-taek's family takes peculiar interest in the wealthy and glamorous Parks for their livelihood until they get entangled in an unexpected incident.",South Korea
"La La Land","Comedy Drama Romance Music","jazz hollywood dreams bittersweet musical date night","Damien Chazelle","Ryan Gosling Emma Stone John Legend J.K. Simmons",2016,7.9,128,"Mia, an aspiring actress, and Sebastian, a dedicated jazz musician, are struggling to make ends meet in a city known for crushing hopes and breaking hearts.",United States
"Whiplash","Drama Music","drums obsession mentor intense perfectionism thrilling","Damien Chazelle","Miles Teller J.K. Simmons Paul Reiser",2014,8.4,107,"Under the direction of a ruthless instructor, a talented young drummer begins to pursue perfection at any cost, pushing his physical and mental limits.",United States
"Spirited Away","Animation Family Fantasy","spirit world bathhouse courage studio ghibli enchanting family","Hayao Miyazaki","Rumi Hiiragi Miyu Irino Mari Natsuki",2001,8.5,125,"A young girl, Chihiro, becomes trapped in a strange new world of spirits. When her parents undergo a mysterious transformation, she must call upon the courage she never knew she had to free her family.",Japan
"The Dark Knight","Drama Action Crime Thriller","joker chaos gotham moral dilemma dark superhero","Christopher Nolan","Christian Bale Heath Ledger Michael Caine Gary Oldman",2008,8.5,152,"Batman raises the stakes in his war on crime. With the help of Lt. Jim Gordon and District Attorney Harvey Dent, Batman sets out to dismantle the remaining criminal organizations that plague the streets.",United States
"Star Wars","Adventure Action Science Fiction","space opera jedi the force nostalgic classic rebellion","George Lucas","Mark Hamill Harrison Ford Carrie Fisher Alec Guinness",1977,8.2,121,"Princess Leia is captured and held hostage by the evil Imperial forces in their effort to take over the galactic Empire. Venturesome Luke Skywalker and dashing captain Han Solo team together to rescue the beautiful princess.",United States
"Pulp Fiction","Thriller Crime","nonlinear hitman dialogue cult classic tarantino dark comedy","Quentin Tarantino","John Travolta Samuel L. Jackson Uma Thurman Bruce Willis",1994,8.5,154,"A burger-loving hit man, his philosophical partner, a drug-addled gangster's moll and a washed-up boxer converge in this sprawling, comedic crime caper.",United States
"Fight Club","Drama","insomnia alter ego consumerism mind-bending twist anarchy","David Fincher","Edward Norton Brad Pitt Helena Bonham Carter",1999,8.4,139,"A ticking-time-bomb insomniac and a slippery soap salesman channel primal male aggression into a shocking new form of therapy. Their concept catches on, with underground clubs forming in every town.",United States
"The Lion King","Animation Family Drama","savannah uncle pride disney wholesome family nostalgic","Roger Allers, Rob Minkoff","Matthew Broderick James Earl Jones Jeremy Irons",1994,8.3,89,"A young lion prince is cast out of his pride by his cruel uncle, who claims he killed his father. While the uncle rules with an iron paw, the prince grows up beyond the Savannah, living by a philosophy: No worries for the rest of your days.",United States
"Turning Red","Animation Comedy Family Fantasy","growing up family panda pixar funny wholesome","Domee Shi","Rosalie Chiang Sandra Oh Ava Morse",2022,7.4,100,"Thirteen-year-old Mei is torn between staying her mother's dutiful daughter and the changes of adolescence. And as if that were not enough, whenever she gets too excited, she 'poofs' into a giant red panda!",United States
"Dune","Science Fiction Adventure","sandworms spice prophecy epic sci-fi cinematography immersive","Denis Villeneuve","Timothée Chalamet Rebecca Ferguson Oscar Isaac Zendaya",2021,7.8,155,"Paul Atreides, a brilliant and gifted young man born into a great destiny beyond his understanding, must travel to the most dangerous planet in the universe to ensure the future of his family and his people.",United States
"Dune: Part Two","Science Fiction Adventure","rebellion holy war arrakis epic spectacle masterpiece","Denis Villeneuve","Timothée Chalamet Zendaya Rebecca Ferguson Javier Bardem",2024,8.8,166,"Follow the mythic journey of Paul Atreides as he unites with Chani and the Fremen while on a path of revenge against the conspirators who destroyed his family.",United States
"Oppenheimer","Drama History","atomic bomb manhattan project politics moral guilt genius tense","Christopher Nolan","Cillian Murphy Emily Blunt Matt Damon Robert Downey Jr.",2023,8.9,181,"The story of J. Robert Oppenheimer's role in the development of the atomic bomb during World War II, examining the scientific breakthrough and the devastating moral burden that followed.",United States
"The Social Network","Drama History","facebook harvard betrayal fast dialogue tech startup ambition","David Fincher","Jesse Eisenberg Andrew Garfield Justin Timberlake",2010,7.8,120,"On a fall night in 2003, Harvard undergrad and computer programming genius Mark Zuckerberg sits at his computer and heatedly begins working on a new idea: Facebook.",United States
"The Lord of the Rings: The Fellowship of the Ring","Adventure Fantasy Action","one ring middle earth fellowship journey epic fantasy nostalgic","Peter Jackson","Elijah Wood Ian McKellen Viggo Mortensen Sean Astin",2001,8.4,178,"Young hobbit Frodo Baggins, after inheriting a mysterious ring from his uncle Bilbo, must leave his home behind to embark on a perilous journey to Mount Doom to destroy it.",New Zealand
"The Lord of the Rings: The Return of the King","Adventure Fantasy Action","gondor final battle coronation epic climax inspiring masterpiece","Peter Jackson","Elijah Wood Ian McKellen Viggo Mortensen Andy Serkis",2003,8.6,201,"As armies mass for a final battle that will decide the fate of the world, one member of the Fellowship of the Ring is revealed as the noble heir to the throne of Men.",New Zealand
"The Godfather","Drama Crime","mafia family saga loyalty power dark cinema classic","Francis Ford Coppola","Marlon Brando Al Pacino James Caan Robert Duvall",1972,8.7,175,"Spanning the years 1945 to 1955, a chronicle of the fictional Italian-American Corleone crime family. When organized crime family patriarch Vito Corleone barely survives an attempt on his life, his youngest son Michael steps in to take care of the would-be killers.",United States
"The Good, the Bad and the Ugly","Western","spaghetti western buried gold civil war showdown ennio morricone","Sergio Leone","Clint Eastwood Eli Wallach Lee Van Cleef",1966,8.5,161,"While the Civil War rages between the Union and a Confederacy, three men – a quiet loner, a ruthless hitman and a Mexican bandit – comb the American Southwest in search of a strongbox containing $200,000 in stolen gold.",Italy
"Cinema Paradiso","Drama Romance","film love nostalgic italy heartbreaking projectionist childhood","Giuseppe Tornatore","Philippe Noiret Salvatore Cascio Jacques Perrin",1988,8.5,155,"A filmmaker recalls his childhood when falling in love with the pictures at the cinema of his home village and forms a deep friendship with the cinema's projectionist.",Italy
"The Secret in Their Eyes","Crime Drama Mystery Romance","unresolved crime obsession stadium scene unrequited love argentina twist","Juan José Campanella","Ricardo Darín Soledad Villamil Pablo Rago Guillermo Francella",2009,8,129,"Hoping to put to rest years of unease and a lingering yearning, a retired legal investigator writes a novel based on the unresolved 25-year-old homicide of a newly married woman.",Argentina
"Howl's Moving Castle","Animation Fantasy Adventure","magic castle pacifism curse romance studio ghibli wholesome","Hayao Miyazaki","Chieko Baisho Takuya Kimura Akihiro Miwa",2004,8.4,119,"Sophie, a quiet girl working in a hat shop, has her life thrown into turmoil when she is cursed with an old body by a spiteful witch. Her only chance of breaking the spell lies with a self-indulgent yet insecure young wizard and his companions in his legged, walking home.",Japan
"Back to the Future","Adventure Comedy Science Fiction Family","delorean time travel 1950s rock and roll nostalgic feel-good","Robert Zemeckis","Michael J. Fox Christopher Lloyd Lea Thompson Crispin Glover",1985,8.3,116,"Eighties teenager Marty McFly is accidentally sent back in time to 1955, inadvertently disrupting his parents' first meeting and attracting his mother's romantic interest. Marty must repair the damage to history by rekindling his parents' romance and - with the help of his eccentric inventor friend Doc Brown - find a way back to 1985.",United States
"Se7en","Crime Mystery Thriller","serial killer seven deadly sins dark rainy city tense shocking ending","David Fincher","Brad Pitt Morgan Freeman Gwyneth Paltrow Kevin Spacey",1995,8.4,127,"Two homicide detectives are on a desperate hunt for a serial killer whose crimes are based on the 'seven deadly sins' in this dark and haunting thriller.",United States
"Avatar","Action Adventure Fantasy Science Fiction","pandora bioluminescence alien culture visual effects adventure","James Cameron","Sam Worthington Zoe Saldaña Sigourney Weaver Stephen Lang",2009,7.6,162,"In the 22nd century, a paraplegic Marine is dispatched to the moon Pandora on a unique mission, but becomes torn between following orders and protecting an alien civilization.",United States
"Harry Potter and the Philosopher's Stone","Adventure Fantasy","hogwarts magic wizards nostalgic family cozy","Chris Columbus","Daniel Radcliffe Rupert Grint Emma Watson Richard Harris",2001,7.9,152,"Harry Potter has lived under the stairs at his aunt and uncle's house his whole life. But on his 11th birthday, he learns he's a powerful wizard with a place waiting for him at the Hogwarts School of Witchcraft and Wizardry.",United Kingdom
"The Matrix","Action Science Fiction","simulation red pill bullet time cyberpunk mind-bending iconic","Lana Wachowski, Lilly Wachowski","Keanu Reeves Laurence Fishburne Carrie-Anne Moss Hugo Weaving",1999,8.2,136,"Set in the 22nd century, The Matrix tells the story of a computer hacker who joins a group of underground insurgents fighting the vast and powerful computers who now rule the earth.",United States
"Your Name.","Animation Romance Drama","body swap red string of fate comet heartbreaking inspiring date night","Makoto Shinkai","Ryunosuke Kamiki Mone Kamishiraishi Ryo Narita",2016,8.5,106,"High schoolers Mitsuha and Taki are complete strangers living separate lives. But one night, they suddenly switch places. Mitsuha wakes up in Taki’s body, and he in hers.",Japan
"Spider-Man: Across the Spider-Verse","Animation Action Adventure Science Fiction","multiverse canon event animation innovation family thrilling","Joaquim Dos Santos, Kemp Powers, Justin K. Thompson","Shameik Moore Hailee Steinfeld Oscar Isaac Daniel Kaluuya",2023,8.4,140,"After reuniting with Gwen Stacy, Brooklyn’s full-time, friendly neighborhood Spider-Man is catapulted across the Multiverse, where he encounters the Spider Society, a team of Spider-People charged with protecting the Multiverse’s very existence.",United States
"Life Is Beautiful","Comedy Drama","father and son world war ii heartbreaking inspiring humor in darkness","Roberto Benigni","Roberto Benigni Nicoletta Braschi Giorgio Cantarini",1997,8.5,116,"A touching story of an Italian book shop owner of Jewish heritage who employs his fertile imagination to shield his son from the horrors of internment in a Nazi concentration camp.",Italy
"Inside Out","Animation Family Adventure Drama Comedy","emotions joy sadness growing up feel-good family","Pete Docter","Amy Poehler Phyllis Smith Richard Kind Bill Hader",2015,7.9,95,"From an adventurous balloon ride above the clouds to a monster-filled metropolis, Academy Award®-winning director Pete Docter has taken audiences to unique and imaginative places. In Disney and Pixar’s original movie “ Inside Out,” he will take us to the most extraordinary location of all—inside the mind.",United States
"Inside Out 2","Animation Family Adventure Comedy","anxiety teenage puberty wholesome family funny","Kelsey Mann","Amy Poehler Maya Hawke Kensington Tallman Liza Lapira",2024,7.8,96,"Teenager Riley's mind headquarters is undergoing a sudden demolition to make room for something entirely unexpected: new Emotions! Joy, Sadness, Anger, Fear and Disgust aren't sure how to feel when Anxiety shows up.",United States
"Joker","Crime Thriller Drama","mental illness isolation dark gotham character study alone","Todd Phillips","Joaquin Phoenix Robert De Niro Zazie Beetz",2019,8.2,122,"During the 1980s, a failed stand-up comedian is driven insane and turns to a life of crime and chaos in Gotham City while becoming an infamous psychopathic crime figure.",United States
"The Dark Knight Rises","Action Crime Drama Thriller","bane revolution batman climax epic tense","Christopher Nolan","Christian Bale Tom Hardy Anne Hathaway Joseph Gordon-Levitt",2012,7.8,164,"Following the death of District Attorney Harvey Dent, Batman assumes responsibility for Dent's crimes to protect the late attorney's reputation and is subsequently hunted by the Gotham City Police Department.",United States
"Eternal Sunshine of the Spotless Mind","Science Fiction Drama Romance","memory erasure heartbreaking mind-bending bittersweet romance unforgettable","Michel Gondry","Jim Carrey Kate Winslet Kirsten Dunst Mark Ruffalo",2004,8.1,108,"Joel Barish, heartbroken that his girlfriend Clementine underwent a procedure to erase him from her memory, decides to do the same. However, as he watches his memories of her fade away, he realizes he still loves her, and may be too late to correct his mistake.",United States
"Titanic","Drama Romance","shipwreck tragic romance class divide heartbreaking nostalgic epic","James Cameron","Leonardo DiCaprio Kate Winslet Billy Zane Kathy Bates",1997,7.9,194,"101-year-old Rose DeWitt Bukater tells the story of her life aboard the Titanic, 84 years later. A young Rose boards the ship with her mother and fiancé. Meanwhile, Jack Dawson and Fabrizio De Rossi win third-class tickets aboard the ship. Rose tells the whole story from Titanic's departure through to its death—upon its first and last voyage.",United States
"Shutter Island","Drama Thriller Mystery","mental institution paranoia mind-bending twist ending late night intense","Martin Scorsese","Leonardo DiCaprio Mark Ruffalo Ben Kingsley Michelle Williams",2010,8.2,138,"World War II soldier-turned-U.S. Marshal Teddy Daniels investigates the disappearance of a patient from a hospital for the criminally insane, but his efforts are compromised by his troubling visions and also by a mysterious doctor.",United States
"The Grand Budapest Hotel","Comedy Adventure","hotel concierge symmetry quirky funny date night visually stunning","Wes Anderson","Ralph Fiennes Tony Revolori Saoirse Ronan Willem Dafoe",2014,8,100,"The Grand Budapest Hotel tells of a legendary concierge at a famous European hotel between the wars and his friendship with a young employee who becomes his trusted protégé.",United States
"Guardians of the Galaxy","Action Science Fiction Adventure","awesome mix space outlaws groot friends funny feel-good","James Gunn","Chris Pratt Zoe Saldaña Dave Bautista Vin Diesel Bradley Cooper",2014,7.9,121,"Light years from Earth, 26 years after being abducted, Peter Quill finds himself the prime target of a manhunt after discovering an orb wanted by Ronan the Accuser.",United States
"Cars","Animation Adventure Comedy Family","racing route 66 friendship background noise family comfort","John Lasseter","Owen Wilson Paul Newman Bonnie Hunt Larry the Cable Guy",2006,7,117,"Lightning McQueen, a hotshot rookie race car driven to succeed, discovers that life is about the journey, not the finish line, when he finds himself unexpectedly detoured in the sleepy Route 66 town of Radiator Springs.",United States
"Up","Animation Comedy Family Adventure","balloons paradise falls heartbreaking intro inspiring family","Pete Docter","Edward Asner Christopher Plummer Jordan Nagai",2009,8,96,"Carl Fredricksen, a 78-year-old balloon salesman, is about to fulfill a lifelong dream. Tying thousands of balloons to his house, he flies away to the South American wilderness—but curmudgeonly Carl's worst nightmare comes true when he discovers a little boy named Russell is a stowaway.",United States
"Shrek","Animation Comedy Fantasy Family","ogre fairy tale parody donkey funny background noise friends","Andrew Adamson, Vicky Jenson","Mike Myers Eddie Murphy Cameron Diaz John Lithgow",2001,7.7,90,"It ain't easy bein' green -- especially if you're a likable (sorta) ogre named Shrek. On a mission to retrieve a gorgeous princess from the clutches of a fire-breathing dragon, Shrek teams up with an affectionate donkey who'd do anything -- except shut up.",United States
"Ferris Bueller's Day Off","Comedy","skipping school chicago ferrari nostalgic feel-good funny","John Hughes","Matthew Broderick Alan Ruck Mia Sara Jeffrey Jones",1986,7.8,103,"After high school slacker Ferris Bueller fakes being sick to skip class, he spends the day in Chicago with his best friend Cameron and girlfriend Sloane while trying to evade his suspicious principal and sister.",United States
"WALL·E","Animation Family Science Fiction","robot love earth cleanup space voyage inspiring visual poetry family","Andrew Stanton","Ben Burtt Elissa Knight Jeff Garlin Fred Willard",2008,8.1,98,"What if mankind had to leave Earth and somebody forgot to turn the last robot off? After hundreds of years doing what he was built for, WALL-E discovers a new purpose in life when he meets a sleek search robot named EVE.",United States
"Schindler's List","Drama History War","holocaust red coat heartbreaking inspiring masterpiece alone","Steven Spielberg","Liam Neeson Ben Kingsley Ralph Fiennes",1993,8.6,195,"The true story of how businessman Oskar Schindler saved over a thousand Jewish lives from the Holocaust by employing them in his factories during World War II.",United States
"The Shawshank Redemption","Drama Crime","hope prison escape friendship inspiring masterpiece feel-good","Frank Darabont","Tim Robbins Morgan Freeman Bob Gunton William Sadler",1994,8.7,142,"Framed in the 1940s for the double murder of his wife and her lover, upstanding banker Andy Dufresne begins a new life at the Shawshank prison, where he puts his accounting skills to work for an amoral warden.",United States
"The Prestige","Drama Mystery Science Fiction","magicians rivalry teleportation mind-bending twist ending obsession","Christopher Nolan","Christian Bale Hugh Jackman Michael Caine Scarlett Johansson",2006,8.2,130,"A mysterious story of two magicians whose intense rivalry leads them on a life-long battle for supremacy -- to create the ultimate stage illusion -- full of obsession, deceit and jealousy with dangerous and deadly consequences.",United Kingdom
"GoodFellas","Drama Crime","mobsters brooklyn heist fast-paced tense-thrilling classic","Martin Scorsese","Ray Liotta Robert De Niro Joe Pesci Lorraine Bracco",1990,8.5,145,"The true story of Henry Hill, a half-Irish, half-Sicilian boy in Brooklyn who is adopted by neighbourhood gangsters at an early age and climbs the ranks of a Mafia family.",United States
"Star Wars: The Force Awakens","Action Adventure Science Fiction","lightsaber first order millennium falcon friends nostalgic","J.J. Abrams","Daisy Ridley John Boyega Harrison Ford Adam Driver",2015,7.3,136,"Thirty years after defeating the Galactic Empire, Han Solo and his allies face a new threat from the evil Kylo Ren and his army of Stormtroopers.",United States
"Soul","Animation Comedy Fantasy Music","jazz afterlife meaning of life inspiring feel-good existential","Pete Docter","Jamie Foxx Tina Fey Graham Norton Rachel House",2020,8.1,100,"Joe Gardner is a middle school teacher with a love for jazz music. After a successful gig at the Half Note Club, he suddenly gets into an accident that separates his soul from his body and is transported to the You Seminar.",United States
"The Batman","Crime Mystery Thriller","riddler detective noir dark late night grunge tense","Matt Reeves","Robert Pattinson Zoë Kravitz Paul Dano Jeffrey Wright",2022,7.7,176,"In his second year of fighting crime, Batman uncovers corruption in Gotham City that connects to his own family while facing a serial killer known as the Riddler.",United States
"Wreck-It Ralph","Animation Comedy Family Adventure","arcade games nostalgic sugar rush family wholesome funny","Rich Moore","John C. Reilly Sarah Silverman Jack McBrayer Jane Lynch",2012,7.3,101,"Wreck-It Ralph longs to be as beloved as his game's perfect Good Guy, Fix-It Felix. Problem is, nobody loves a Bad Guy. But they do love heroes... so when a modern, first-person shooter game arrives featuring tough-as-nails Sergeant Calhoun, Ralph sees it as his ticket to heroism and happiness.",United States
"The Shape of Water","Drama Fantasy Romance","amphibian man cold war fairy tale poetic romance date night","Guillermo del Toro","Sally Hawkins Michael Shannon Richard Jenkins Octavia Spencer",2017,7.3,123,"An other-worldly story set against the backdrop of Cold War era America circa 1962. In the hidden high-security government laboratory where she works, lonely Elisa is trapped in a life of silence and isolation. Elisa’s life is changed forever when she and co-worker Zelda discover a secret classified experiment.",United States
"American Beauty","Drama","suburbia mid-life crisis red roses alone dark comedy poignant","Sam Mendes","Kevin Spacey Annette Bening Thora Birch Wes Bentley",1999,8,122,"Lester Burnham, a depressed suburban father in a mid-life crisis, decides to turn his life around after developing an infatuation with his daughter's attractive best friend.",United States
"3 Idiots","Comedy Drama","friendship college engineering inspirational chasing dreams feel-good","Rajkumar Hirani","Aamir Khan R. Madhavan Sharman Joshi Kareena Kapoor Khan Boman Irani",2009,8,170,"Two friends search for their long-lost companion. They revisit their college days and recall the memories of their friend who inspired them to think differently, even as the rest of the world called them 'idiots'.",India
"RRR","Action Adventure Drama","brotherhood revolution colonial india epic action rebellion spectacle","S.S. Rajamouli","N.T. Rama Rao Jr. Ram Charan Alia Bhatt Ajay Devgn Olivia Morris",2022,7.8,182,"A fictional history of two legendary revolutionaries' journey away from home before they began fighting for their country in the 1920s.",India
"Dangal","Drama Action Family","wrestling father daughter inspirational sports empowerment family triumph","Nitesh Tiwari","Aamir Khan Fatima Sana Shaikh Sanya Malhotra Sakshi Tanwar",2016,8,161,"Former wrestler Mahavir Singh Phogat and his two wrestler daughters struggle towards glory at the Commonwealth Games in the face of societal oppression.",India
"Taare Zameen Par","Drama Family","dyslexia childhood art teacher empathy heartbreaking inspiring","Aamir Khan","Darsheel Safary Aamir Khan Tisca Chopra Vipin Sharma",2007,8,165,"An eight-year-old boy is thought to be a lazy trouble-maker, until the new art teacher has the patience and compassion to discover the real problem behind his struggles in school.",India
"Andhadhun","Thriller Mystery Comedy","blind pianist murder mystery mind-bending black comedy twists crime","Sriram Raghavan","Ayushmann Khurrana Tabu Radhika Apte Anil Dhawan",2018,7.7,139,"A series of mysterious events changes the life of a blind pianist who now must report a crime that was committed right in front of him.",India
"Tumbbad","Fantasy Horror Drama","greed ancient curse mythology dark atmospheric gold","Rahi Anil Barve","Sohum Shah Jyoti Malshe Anita Date-Kelkar Ronjini Chakraborty",2018,7.6,104,"A mythological story about a goddess who created the entire universe. The plot revolves around the consequences when humans build a temple for her first-born monster, Hastar.",India
"Zindagi Na Milegi Dobara","Drama Comedy Adventure","road trip spain friendship overcoming fear feel-good scuba diving","Zoya Akhtar","Hrithik Roshan Farhan Akhtar Abhay Deol Katrina Kaif Kalki Koechlin",2011,7.8,155,"Three childhood friends embark on a bachelor trip to Spain, where each must choose an ultimate bucket-list adventure to overcome their deepest fears.",India
"Gangs of Wasseypur","Crime Drama Action","revenge coal mafia feud dark gritty gangster epic","Anurag Kashyap","Manoj Bajpayee Nawazuddin Siddiqui Richa Chadha Pankaj Tripathi Huma Qureshi",2012,7.9,321,"A clash between Sultan and Shahid Khan leads to the expulsion of Khan from Wasseypur, igniting a deadly multi-generational feud over coal mines and power.",India
"The Lunchbox","Drama Romance","mumbai dabbawala letters loneliness heartbreaking poetic quiet romance","Ritesh Batra","Irrfan Khan Nimrat Kaur Nawazuddin Siddiqui Lillete Dubey",2013,7.4,104,"A mistaken delivery in Mumbai's famously efficient lunchbox delivery system connects a neglected housewife to an elderly widower about to retire.",India
"Drishyam","Crime Drama Thriller","alibi cinema buff police investigation tense-thrilling family protection","Nishikant Kamat","Ajay Devgn Tabu Shriya Saran Rajat Kapoor Ishita Dutta",2015,7.7,163,"Desperate measures are taken by a man who tries to save his family from the dark side of the law after they commit an unexpected crime.",India
"Lagaan: Once Upon a Time in India","Adventure Drama History","cricket colonial india underdog inspiring epic unity","Ashutosh Gowariker","Aamir Khan Gracy Singh Rachel Shelley Paul Blackthorne",2001,7.8,224,"In 1893 India, a small drought-ridden village takes on the British Empire in a high-stakes cricket match to avoid paying tyrannical taxes.",India
"Swades","Drama","nasa rural development patriotism inspiring social reform heartfelt","Ashutosh Gowariker","Shah Rukh Khan Gayatri Joshi Kishori Ballal Rajesh Vivek",2004,7.8,210,"A successful Indian scientist working at NASA returns to his native village to take his childhood nanny with him, and finds himself confronting grass-roots realities.",India
"Baahubali: The Beginning","Action Adventure Fantasy","kingdom waterfall warrior epic mythological fantasy spectacle","S.S. Rajamouli","Prabhas Rana Daggubati Anushka Shetty Tamannaah Bhatia Ramya Krishnan",2015,7.6,159,"A child from the Mahishmati kingdom is saved from death and raised by tribal villagers. As an adult, he is drawn into an epic clash of kingdoms and destinies.",India
"Queen","Comedy Drama","solo travel independence paris feel-good empowerment friendship","Vikas Bahl","Kangana Ranaut Rajkummar Rao Lisa Haydon Mish Boyko",2014,7.5,146,"A Delhi girl from a traditional family sets out on a solo honeymoon to Paris and Amsterdam after her fiancé calls off the wedding at the eleventh hour.",India
"Kantara","Action Adventure Drama Thriller","folklore divine spirit forest rights kambala tense-thrilling ritual","Rishab Shetty","Rishab Shetty Sapthami Gowda Kishore Achyuth Kumar",2022,7.7,148,"When greed paves the way for betrayal, scheming and murder, a young tribal champion finds himself inheriting ancestral spirits to protect his sacred forest.",India
"Dilwale Dulhania Le Jayenge","Comedy Drama Romance","europe trip classic romance feel-good date-night mustard fields family values","Aditya Chopra","Shah Rukh Khan Kajol Amrish Puri Farida Jalal Anupam Kher",1995,8.5,189,"Raj and Simran meet on a trip through Europe and fall in love. When Raj learns Simran is already promised to another, he follows her to India to win over her traditional family.",India
"Sholay","Action Adventure Drama","curry western gabbar singh revenge epic action classic friendship anthem","Ramesh Sippy","Dharmendra Amitabh Bachchan Sanjeev Kumar Hema Malini Amjad Khan",1975,7.7,198,"After his family is murdered by a notorious bandit, a former police officer enlists the help of two convicts to capture him alive.",India
"K.G.F: Chapter 1","Action Crime Drama","gold mines mass hero rebellion epic action mother promise underworld","Prashanth Neel","Yash Srinidhi Shetty Ramachandra Raju Archana Jois",2018,7.6,156,"In the 1970s, a fierce rebel rises against brutal oppression and becomes the symbol of hope to legions of downtrodden people in the Kolar Gold Fields.",India
"Baahubali 2: The Conclusion","Action Adventure Fantasy","why kattappa killed baahubali royal betrayal epic war mythological fantasy spectacle","S.S. Rajamouli","Prabhas Rana Daggubati Anushka Shetty Sathyaraj Ramya Krishnan",2017,7.8,167,"When Shiva, the son of Bahubali, learns about his heritage, he begins to look for answers. His story is juxtaposed with past events that unfolded in the Mahishmati Kingdom.",India
"Pather Panchali","Drama","apu trilogy neorealism childhood rural bengal masterpiece poetic","Satyajit Ray","Subir Banerjee Kanu Banerjee Karuna Banerjee Uma Dasgupta Chunibala Devi",1955,8,125,"Impoverished priest Harihar Ray, dreaming of a better life for himself and his family, leaves his rural Bengal village in search of work.",India
"Kahaani","Mystery Thriller Drama","mind-bending kolkata pregnant woman twist investigation mystery subconscious alone","Sujoy Ghosh","Vidya Balan Parambrata Chatterjee Nawazuddin Siddiqui Saswata Chatterjee",2012,7.7,122,"A pregnant woman arrives in Kolkata from London to search for her missing husband, but everyone she questions denies having ever met him, leading into a labyrinth of deception.",India
"Talaash: The Answer Lies Within","Mystery Drama Thriller","mind-bending supernatural mystery insomnia red light district haunted alone twist","Reema Kagti","Aamir Khan Kareena Kapoor Khan Rani Mukerji Nawazuddin Siddiqui",2012,7.2,140,"A brooding police officer investigating a film star's mysterious death finds himself haunted by suppressed memories of his deceased son and guided by an enigmatic escort.",India
"13B: Fear Has a New Address","Horror Mystery Thriller","mind-bending television curse apartment psychological alone late night","Vikram K. Kumar","R. Madhavan Neetu Chandra Poonam Dhillon Sachin Khedekar",2009,6.9,146,"A man experiences supernatural events in his new apartment, where an ominous television soap opera begins predicting the future of his family in exact terrifying detail.",India
"Lucia","Science Fiction Thriller Mystery Drama","mind-bending lucid dream insomnia drugs simulation reality warping alone","Pawan Kumar","Sathish Ninasam Sruthi Hariharan Achyuth Kumar",2013,7.7,135,"An insomniac usher gets tricked into buying an experimental drug that lets him live out his wildest fantasies in lucid dreams, but blurs the boundary between reality and dream world.",India
"24","Science Fiction Action Thriller","mind-bending time travel watchmaker relativity sci-fi inventor destiny","Vikram K. Kumar","Suriya Samantha Ruth Prabhu Nithya Menen Saranya Ponvannan",2016,7.4,164,"A brilliant watchmaker invents a time-travel watch. Decades later, his son must protect the device from his ruthless twin uncle who seeks to rewrite history.",India
"Ratsasan","Crime Thriller Mystery","mind-bending serial killer investigation psychological tense dark claustrophobic alone","Ram Kumar","Vishnu Vishal Amala Paul Saravanan Kaali Venkat",2018,8,170,"An aspiring filmmaker-turned-police sub-inspector uses his deep knowledge of psycho-killer cinema to track down a predatory serial killer terrorizing schoolgirls.",India
"Badla","Mystery Crime Thriller","mind-bending locked room murder mystery twists unreliable narrator puzzle","Sujoy Ghosh","Amitabh Bachchan Taapsee Pannu Amrita Singh Tony Luke",2019,7.1,118,"A dynamic young entrepreneur finds herself locked in a hotel room with the corpse of her dead lover. She hires an undefeated veteran lawyer to solve how it happened in three hours.",India
"Game Over","Thriller Mystery Drama","mind-bending time loop video game home invasion alone claustrophobic paranoia","Ashwin Saravanan","Taapsee Pannu Vinodhini Vaidyanathan Anish Kuruvilla",2019,7,102,"A video game designer suffering from PTSD and anniversary depression finds her house invaded by a mysterious intruder, forcing her into a psychological time loop.",India
"No Smoking","Thriller Mystery Drama","mind-bending kafkaesque surreal psychological labyrinth existential alone","Anurag Kashyap","John Abraham Ayesha Takia Paresh Rawal Ranvir Shorey",2007,6.8,125,"A chain-smoker visits a mysterious rehabilitation center Prayogshala run by an eccentric guru, only to find himself trapped in a nightmarish Kafkaesque labyrinth.",India
"Bhool Bhulaiyaa","Comedy Horror Mystery","mind-bending dissociative identity disorder palace psychological manjulika funny","Priyadarshan","Akshay Kumar Vidya Balan Shiney Ahuja Ameesha Patel Paresh Rawal",2007,7.4,159,"When an ancestral palace is reopened by a returning prince, strange events begin occurring. A non-conformist psychiatrist is called in to separate ancient ghost lore from psychological trauma.",India
"Kalki 2898 AD","Science Fiction Action Fantasy","mind-bending dystopian sci-fi mythology ashwatthama post-apocalyptic spectacle","Nag Ashwin","Prabhas Amitabh Bachchan Kamal Haasan Deepika Padukone Disha Patani",2024,7.2,181,"In a post-apocalyptic future in the year 2898 AD, a battle erupts in the last surviving city of Kasi as forces fight over the unborn avatar predicted to end the Kali Yuga.",India
"Ugly","Thriller Crime Mystery Drama","dark mind-bending greed kidnapping unflinching alone noir","Anurag Kashyap","Rahul Bhat Ronit Roy Tejaswini Kolhapure Vineet Kumar Singh",2013,7.7,128,"When a struggling actor leaves his ten-year-old daughter in a car and she vanishes, the search spirals into a venomous web of ego, greed, and moral decay.",India
"Vikram","Action Crime Thriller","black ops cartel guns adrenaline intense spectacle friends","Lokesh Kanagaraj","Kamal Haasan Vijay Sethupathi Fahadh Faasil Suriya Narain",2022,7.9,175,"A special undercover black-ops commander emerges from the shadows to dismantle a lethal drug syndicate run by a masked kingpin, triggering an all-out warfare.",India
"Kaithi","Action Thriller Crime","one night truck chase father daughter intense claustrophobic pulse-pounding","Lokesh Kanagaraj","Karthi Narain George Maryan Dheena Arjun Das",2019,7.8,145,"A newly released prisoner on his way to see his daughter is forced to drive a truck full of poisoned police officers to the hospital while escaping heavily armed mercenaries.",India
"Vikram Vedha","Action Crime Thriller","riddle morality cat and mouse vikramaditya betal intellectual duel thrilling","Pushkar-Gayathri","R. Madhavan Vijay Sethupathi Shraddha Srinath Varalaxmi Sarathkumar",2017,8,147,"A ruthless and righteous police inspector pursues an elusive gangster, who surrenders and challenges his concept of good and evil through a series of moral riddles.",India
"Manjummel Boys","Adventure Thriller Drama","survival cave rescue friendship brotherhood inspirational tense nail-biting","Chidambaram","Soubin Shahir Sreenath Bhasi Balu Varghese Ganapathi",2024,8.3,135,"Based on an astonishing true incident, a tight-knit group of friends from Kochi travel to Kodaikanal, where one friend falls into the bottomless Guna Cave, leading into an impossible rescue.",India
"A Wednesday!","Drama Thriller Crime","common man mumbai tense hostage telephone pulse-pounding gripping","Neeraj Pandey","Naseeruddin Shah Anupam Kher Jimmy Sheirgill Aamir Bashir",2008,8.1,104,"A retiring police commissioner recounts the most challenging case of his career: a calm Wednesday when an ordinary anonymous citizen phoned in bomb threats across Mumbai demanding justice.",India
"Talvar","Drama Crime Mystery","aarushi murder rashomon effect investigation mind-bending corrupt police alone","Meghna Gulzar","Irrfan Khan Konkona Sen Sharma Neeraj Kabi Sohan Humne",2015,7.7,132,"An experienced investigative officer faces conflicting theories and entrenched department corruption when investigating the double murder of a teenager and the household servant.",India
"Hera Pheri","Comedy Crime","baburao comedy cult classic laugh-out-loud wrong number friends feel-good","Priyadarshan","Paresh Rawal Akshay Kumar Suniel Shetty Tabu Om Puri",2000,7.9,156,"A destitute landlord and two tenants desperately needing money get an accidental wrong-number phone call from a kidnapper, setting off a hilarious kidnapping extortion heist.",India
"Chhichhore","Comedy Drama","hostel life college friends wholesome nostalgic inspiring feel-good","Nitesh Tiwari","Sushant Singh Rajput Shraddha Kapoor Varun Sharma Prateik Babbar Tahir Raj Bhasin",2019,7.8,143,"A tragic incident forces a grieving father to reunite with his college friends, reminiscing about their hostel days as self-proclaimed losers to teach his son the true meaning of life.",India
"Dil Chahta Hai","Comedy Drama Romance","goa trip friendship coming of age feel-good date night cult classic","Farhan Akhtar","Aamir Khan Saif Ali Khan Akshaye Khanna Preity Zinta Dimple Kapadia",2001,7.8,183,"Three inseparable college graduates with vastly different outlooks on love navigate romance, career transitions, and an emotional rift that threatens to test their lifelong bond.",India
"Jab We Met","Romance Comedy Drama","train journey romantic chemistry feel-good geet date night uplifting","Imtiaz Ali","Shahid Kapoor Kareena Kapoor Khan Dara Singh Tarun Arora",2007,7.7,138,"A despondent Mumbai businessman on the verge of suicide wanders onto a train and meets a vivacious, chatterbox Punjabi girl who turns his orderly universe upside down.",India
"Barfi!","Comedy Drama Romance","wholesome darjeeling sweet romance feel-good charming heartwarming","Anurag Basu","Ranbir Kapoor Priyanka Chopra Jonas Ileana D'Cruz Saurabh Shukla",2012,7.7,151,"A charming deaf and mute young man in Darjeeling forms a tender, whimsical bond with an autistic girl and a high-society woman, exploring love beyond societal norms.",India
"Munna Bhai M.B.B.S.","Comedy Drama","jaadu ki jhappi wholesome medical college circuit feel-good family","Rajkumar Hirani","Sanjay Dutt Arshad Warsi Gracy Singh Boman Irani Sunil Dutt",2003,7.7,156,"A good-hearted Mumbai underworld gangster cheats his way into medical college to fulfill his father's dream, healing hospital patients through magical hugs and kindness.",India
"Kumbalangi Nights","Drama Comedy Romance","brotherhood backwaters wholesome feel-good family healing masterpiece","Madhu C. Narayanan","Shane Nigam Soubin Shahir Fahadh Faasil Sreenath Bhasi",2019,8.2,135,"Four conflicted brothers living in a dilapidated home in backwaters of Kumbalangi learn to let go of toxic patterns and stand together through empathy and love.",India
"Stree","Horror Comedy","horror comedy folklore witty friends hilarious witch","Amar Kaushik","Rajkummar Rao Shraddha Kapoor Pankaj Tripathi Aparshakti Khurana",2018,7.3,128,"In a small town, an evil female spirit abducts men during festival season. A talented ladies tailor falls for a mysterious girl while teaming up with his goofy pals to stop the curse.",India
"12th Fail","Drama Biography","inspiring upsc perseverance chambal triumph hope alone re-start","Vidhu Vinod Chopra","Vikrant Massey Medha Shankr Anant V Joshi Anshumaan Pushkar",2023,8.4,147,"Based on the inspiring real life of Manoj Kumar Sharma, who overcomes extreme poverty in Chambal and works as a toilet cleaner and flour mill grinder to conquer the UPSC IPS exam.",India
"Chak De! India","Drama History","inspiring hockey women empowerment underdog 70 minute triumph","Shimit Amin","Shah Rukh Khan Vidya Malvade Sagarika Ghatge Shilpa Shukla",2007,7.8,153,"A disgraced former Indian hockey captain returns to coach the neglected national women's hockey team, uniting sixteen women from disparate backgrounds to fight for world glory.",India
"Soorarai Pottru","Drama Action","inspiring aviation airline perseverance underdog triumph aviation","Sudha Kongara","Suriya Aparna Balamurali Paresh Rawal Urshila Vance",2020,8.2,153,"A former Indian Air Force captain dreams of making aviation accessible to the common man, fighting predatory monopolists and bureaucratic sabotage to launch a low-cost airline.",India
"Jai Bhim","Crime Drama Mystery","courtroom habeas corpus human rights uncompromising inspirational justice","T.J. Gnanavel","Suriya Lijomol Jose K. Manikandan Rajisha Vijayan",2021,8.4,164,"When a marginalized tribal man is falsely accused of theft and disappears from police custody, an unyielding human rights advocate takes up habeas corpus against systemic brutality.",India
"Sita Ramam","Romance Drama War","letters kashmir poetic heartbreaking classic romance date night","Hanu Raghavapudi","Dulquer Salmaan Mrunal Thakur Rashmika Mandanna Sumanth",2022,8.2,163,"An orphaned lieutenant stationed in Kashmir receives anonymous letters from a woman named Sita who claims to be his wife, sparking a timeless love across borders and decades.",India
"Masaan","Drama","varanasi grief heartbreaking poetic caste alone cannes winner","Neeraj Ghaywan","Vicky Kaushal Richa Chadha Sanjay Mishra Shweta Tripathi",2015,7.7,109,"Four separate lives along the sacred Ganges river in Varanasi intersect as they grapple with moral prejudice, societal stigma, grief, and the yearning for new beginnings.",India
"Maharaja","Crime Thriller Mystery Drama","mind-bending twist revenge father-daughter puzzle investigation","Nithilan Saminathan","Vijay Sethupathi Anurag Kashyap Mamta Mohandas Natty",2024,8.5,140,"A barber sets out for vengeance after his home is burglarized and a cherished dustbin named Lakshmi is stolen, but his investigation uncovers a horrifying secret.",India
"Stree 2","Comedy Horror","horror-comedy small-town ghost folklore friends feel-good","Amar Kaushik","Rajkummar Rao Shraddha Kapoor Pankaj Tripathi Abhishek Banerjee",2024,7.6,147,"After the events of Stree, the town of Chanderi is being haunted again, this time by a headless entity named Sarkata who is abducting progressive women.",India
"Deadpool & Wolverine","Action Comedy Science Fiction","superhero buddy funny action friends multiverse","Shawn Levy","Ryan Reynolds Hugh Jackman Emma Corrin Morena Baccarin",2024,7.7,128,"A listless Wade Wilson toils away in civilian life with his days as the morally flexible mercenary, Deadpool, behind him. But when an existential threat emerges, he teams with Wolverine.",USA
"Jawan","Action Thriller","vigilante action epic father-son justice tense","Atlee","Shah Rukh Khan Nayanthara Vijay Sethupathi Deepika Padukone",2023,7.5,169,"A driven man commits to rectifying the evils in society with help from a group of women who take high-stakes missions to fight corruption.",India
"Animal","Action Drama Crime","dark family-obsession revenge crime-syndicate intense","Sandeep Reddy Vanga","Ranbir Kapoor Anil Kapoor Bobby Deol Rashmika Mandanna",2023,7.2,201,"A father-son relationship carved in blood and obsession drives a son to cross all moral lines to protect his father from lethal assassins.",India
"Aavesham","Action Comedy","feel-good comedy gangster college friends quirky","Jithu Madhavan","Fahadh Faasil Hipzster Mithun Jai Shankar Sajin Gopu",2024,8,158,"Three college students in Bangalore find themselves befriending an eccentric, white-clad local gangster named Ranga to get back at their senior bullies.",India
"Bramayugam","Horror Mystery Thriller","mind-bending black-and-white folk-horror dark atmospheric alone","Rahul Sadasivan","Mammootty Arjun Ashokan Sidharth Bharathan Amalda Liz",2024,7.9,139,"A court singer escapes captivity and seeks shelter in a mysterious, isolated ancestral mansion ruled by a sinister chieftain with dark occult powers.",India
"Laapataa Ladies","Comedy Drama","feel-good inspiring heartwarming rural-india feminism family","Kiran Rao","Nitanshi Goel Pratibha Ranta Sparsh Shrivastava Ravi Kishan",2024,8.2,122,"In rural 2001 India, two young brides get accidentally swapped on a crowded train when both are wearing identical veils, leading to self-discovery and comedy.",India
"Chandu Champion","Drama History","inspiring biopic sports perseverance emotional","Kabir Khan","Kartik Aaryan Vijay Raaz Bhuvan Arora Rajpal Yadav",2024,8,143,"The unbelievable true journey of Murlikant Petkar, who overcame severe bullet wounds to become India's first Paralympic gold medalist.",India
"Kill","Action Thriller","intense train martial-arts tense survival alone","Nikhil Nagesh Bhat","Lakshya Raghav Juyal Tanya Maniktala Ashish Vidyarthi",2024,7.7,105,"When a passenger train to New Delhi is overtaken by a gang of knife-wielding bandits, an army commando takes on the thugs in a brutal battle to save passengers.",India
"Salaar: Part 1 - Ceasefire","Action Crime Thriller","epic-action friendship crime dark intense","Prashanth Neel","Prabhas Prithviraj Sukumaran Shruti Haasan Jagapathi Babu",2023,7.3,175,"A gang leader tries to keep a promise made to a dying friend and takes on the other criminal gangs in the dystopian city of Khansaar.",India
"Amar Singh Chamkila","Drama Music","music inspiring biopic emotional punjabi alone","Imtiaz Ali","Diljit Dosanjh Parineeti Chopra Apinderdeep Singh Rahul Mittra",2024,8.1,145,"The untold true story of Punjab's original rockstar of the masses, Amar Singh Chamkila, who emerged from poverty to soar to the heights of fame before tragic assassination.",India
"Por Thozhil","Crime Thriller Mystery","mind-bending serial-killer investigation twist tense","Vignesh Raja","Sarath Kumar Ashok Selvan Nikhila Vimal Sarath Babu",2023,8,147,"A faint-hearted rookie cop is partnered with a reclusive, seasoned senior detective to catch a serial killer targeting young women in Trichy.",India
"Iratta","Crime Drama Mystery","mind-bending twist twins dark alone mystery","Rohit M.G. Krishnan","Joju George Anjali Arya Salim Srinda",2023,7.7,114,"Following the shocking death of a policeman at a station, his estranged twin brother unravels a traumatic past that connects them to the crime.",India
"Merry Christmas","Thriller Mystery Romance","mind-bending twist noir christmas alone deception","Sriram Raghavan","Katrina Kaif Vijay Sethupathi Ashwini Kalsekar Luke Kenny",2024,7.3,144,"On Christmas Eve, an uneventful day for two strangers turns into a labyrinth of romance, crime, and deception after a fateful encounter in Mumbai.",India
"Fighter","Action Adventure Thriller","action air-force patriotic aerial-combat intense","Siddharth Anand","Hrithik Roshan Deepika Padukone Anil Kapoor Karan Singh Grover",2024,7.2,166,"Top Indian Air Force aviators come together to form an elite unit called Air Dragons in the face of imminent danger and cross-border terrorism.",India
"Leo","Action Crime Thriller","action lcu hidden-identity tense dark","Lokesh Kanagaraj","Vijay Sanjay Dutt Arjun Sarja Trisha Krishnan",2023,7.4,164,"A quiet cafe owner in Kashmir becomes a hero after defending his town, triggering ruthless gangsters who suspect he is their former enforcer, Leo Das.",India
"Jailer","Action Crime Comedy","action revenge dark-comedy father-son swagger","Nelson Dilipkumar","Rajinikanth Vinayakan Ramya Krishnan Vasanth Ravi",2023,7.5,168,"A retired prison warden goes on a hunt to track down his son's killers and steps back into the dark criminal underworld to protect his family.",India
"Iron Man","Action Science Fiction Adventure","marvel mcu iron man tony stark superhero armor origin story action weapons","Jon Favreau","Robert Downey Jr. Gwyneth Paltrow Jeff Bridges Terrence Howard",2008,7.6,126,"After being held captive in an Afghan cave, billionaire engineer Tony Stark creates a unique weaponized suit of armor to fight evil and becomes Iron Man.",United States
"The Incredible Hulk","Action Science Fiction Adventure","marvel mcu hulk bruce banner superhero rage action monster","Louis Leterrier","Edward Norton Liv Tyler Tim Roth William Hurt",2008,6.2,114,"Scientist Bruce Banner scours the planet for an antidote to the unbridled force of rage within him: the Hulk. But when the military masterminds who dream of exploiting his powers force him back to civilization, he finds himself coming face to face with The Abomination.",United States
"Iron Man 2","Action Adventure Science Fiction","marvel mcu iron man war machine black widow superhero action monaco","Jon Favreau","Robert Downey Jr. Gwyneth Paltrow Don Cheadle Scarlett Johansson",2010,6.8,124,"With the world now aware of his dual life as the armored superhero Iron Man, billionaire inventor Tony Stark faces pressure from the government, the press and the public to share his technology with the military.",United States
"Thor","Adventure Fantasy Action","marvel mcu thor loki asgard hammer superhero mythology gods","Kenneth Branagh","Chris Hemsworth Natalie Portman Tom Hiddleston Anthony Hopkins",2011,6.8,115,"Against his father Odin's will, The Mighty Thor recklessly reignites an ancient war. As punishment, Thor is cast down to Earth and forced to live among humans as a mortal.",United States
"Captain America: The First Avenger","Action Adventure Science Fiction","marvel mcu captain america steve rogers world war ii super soldier shield hydra","Joe Johnston","Chris Evans Hayley Atwell Sebastian Stan Tommy Lee Jones",2011,7,124,"During World War II, Steve Rogers is a sickly man from Brooklyn who's transformed into super-soldier Captain America to aid in the war effort against Hydra and the Red Skull.",United States
"The Avengers","Action Adventure Science Fiction","marvel mcu avengers iron man captain america thor hulk loki battle of new york superhero team","Joss Whedon","Robert Downey Jr. Chris Evans Mark Ruffalo Chris Hemsworth Scarlett Johansson",2012,7.7,143,"When an unexpected enemy emerges and threatens global safety and security, Nick Fury, director of S.H.I.E.L.D., finds himself in need of a team to pull the world back from the brink of disaster: The Avengers.",United States
"Iron Man 3","Action Adventure Science Fiction","marvel mcu iron man mandarin ptsd extrems superhero action","Shane Black","Robert Downey Jr. Gwyneth Paltrow Don Cheadle Guy Pearce",2013,6.9,130,"When Tony Stark's world is torn apart by a formidable terrorist called the Mandarin, he starts an odyssey of rebuilding and retribution.",United States
"Thor: The Dark World","Action Adventure Fantasy","marvel mcu thor loki dark elves infinity stone aether asgard","Alan Taylor","Chris Hemsworth Natalie Portman Tom Hiddleston Stellan Skarsgård",2013,6.5,112,"Thor fights to restore order across the cosmos… but an ancient race led by the vengeful Malekith returns to plunge the universe back into darkness.",United States
"Captain America: The Winter Soldier","Action Adventure Science Fiction Thriller","marvel mcu captain america winter soldier bucky barnes black widow political thriller hydra espionage","Anthony Russo, Joe Russo","Chris Evans Scarlett Johansson Sebastian Stan Anthony Mackie Robert Redford",2014,7.7,136,"After the cataclysmic events in New York, Steve Rogers struggles to embrace his role in the modern world while battling a shadowy assassin known as the Winter Soldier and uncovering a conspiracy within S.H.I.E.L.D.",United States
"Avengers: Age of Ultron","Action Adventure Science Fiction","marvel mcu avengers ultron artificial intelligence scarlet witch quicksilver vision action","Joss Whedon","Robert Downey Jr. Chris Evans Mark Ruffalo Chris Hemsworth James Spader",2015,7.3,141,"When Tony Stark tries to jumpstart a dormant peacekeeping program, things go awry and Earth's Mightiest Heroes are put to the ultimate test as the villainous Ultron emerges.",United States
"Ant-Man","Action Adventure Comedy Science Fiction","marvel mcu ant-man scott lang heist quantum realm comedy superhero shrinking","Peyton Reed","Paul Rudd Michael Douglas Evangeline Lilly Corey Stoll",2015,7.1,117,"Armed with the astonishing ability to shrink in scale but increase in strength, master thief Scott Lang must embrace his inner-hero and help his mentor, Dr. Hank Pym, protect the secret behind his spectacular Ant-Man suit.",United States
"Captain America: Civil War","Action Adventure Science Fiction","marvel mcu civil war captain america iron man black panther spider-man airport battle conflict","Anthony Russo, Joe Russo","Chris Evans Robert Downey Jr. Scarlett Johansson Sebastian Stan Chadwick Boseman",2016,7.4,147,"Following the events of Age of Ultron, the collective governments of the world pass an act designed to regulate all superhuman activity. This polarizes opinion amongst the Avengers, causing two factions to form around Iron Man and Captain America.",United States
"Doctor Strange","Action Adventure Fantasy Science Fiction","marvel mcu doctor strange magic mystic arts multiverse time stone mind-bending visual spectacle","Scott Derrickson","Benedict Cumberbatch Chiwetel Ejiofor Rachel McAdams Tilda Swinton Mads Mikkelsen",2016,7.4,115,"After his career is destroyed in a horrific car crash, brilliant but arrogant surgeon Stephen Strange embraces the mystic arts under the tutelage of the Ancient One, discovering alternate dimensions and mystical powers.",United States
"Guardians of the Galaxy Vol. 2","Action Adventure Comedy Science Fiction","marvel mcu guardians of the galaxy baby groot star-lord ego cosmic comedy soundtrack","James Gunn","Chris Pratt Zoe Saldana Dave Bautista Vin Diesel Bradley Cooper Kurt Russell",2017,7.6,136,"The Guardians must fight to keep their newfound family together as they unravel the mysteries of Peter Quill's true parentage with the celestial being Ego.",United States
"Spider-Man: Homecoming","Action Adventure Science Fiction Comedy","marvel mcu spider-man peter parker vulture iron man high school superhero comedy","Jon Watts","Tom Holland Michael Keaton Robert Downey Jr. Zendaya Marisa Tomei",2017,7.4,133,"Following the events of Captain America: Civil War, Peter Parker attempts to balance his life in high school with his career as the web-slinging superhero Spider-Man under the watchful eye of mentor Tony Stark.",United States
"Thor: Ragnarok","Action Adventure Comedy Fantasy Science Fiction","marvel mcu thor hulk loki hela valkyrie gladiator comedy asgard","Taika Waititi","Chris Hemsworth Tom Hiddleston Cate Blanchett Mark Ruffalo Tessa Thompson",2017,7.6,130,"Thor is imprisoned on the other side of the universe without his mighty hammer and finds himself in a race against time to get back to Asgard to stop Ragnarok—the destruction of his homeworld at the hands of Hela.",United States
"Black Panther","Action Adventure Science Fiction","marvel mcu black panther wakanda killmonger vibranium superhero royalty action","Ryan Coogler","Chadwick Boseman Michael B. Jordan Lupita Nyong'o Danai Gurira Letitia Wright",2018,7.4,134,"King T'Challa returns home to the reclusive, technologically advanced African nation of Wakanda to serve as his country's new leader, but soon finds his sovereignty challenged by Erik Killmonger.",United States
"Avengers: Infinity War","Action Adventure Science Fiction","marvel mcu thanos infinity stones the snap avengers guardians cosmic epic heartbreaking superhero","Anthony Russo, Joe Russo","Robert Downey Jr. Chris Hemsworth Mark Ruffalo Chris Evans Josh Brolin",2018,8.3,149,"As the Avengers and their allies have continued to protect the world from threats too large for any one hero, a new danger has emerged from the cosmic shadows: Thanos. A despot of intergalactic infamy, his goal is to collect all six Infinity Stones.",United States
"Ant-Man and the Wasp","Action Adventure Comedy Science Fiction","marvel mcu ant-man the wasp quantum realm ghost comedy superhero","Peyton Reed","Paul Rudd Evangeline Lilly Michael Douglas Michelle Pfeiffer Laurence Fishburne",2018,7,118,"As Scott Lang balances being both a superhero and a father, Hope van Dyne and Dr. Hank Pym present an urgent new mission that finds the Ant-Man fighting alongside The Wasp to uncover secrets from their past.",United States
"Captain Marvel","Action Adventure Science Fiction","marvel mcu captain marvel carol danvers nick fury skrulls kree 1990s cosmic","Anna Boden, Ryan Fleck","Brie Larson Samuel L. Jackson Ben Mendelsohn Jude Law",2019,6.9,124,"The story follows Carol Danvers as she becomes one of the universe's most powerful heroes when Earth is caught in the middle of a galactic war between two alien races.",United States
"Avengers: Endgame","Adventure Science Fiction Action","marvel mcu avengers endgame time heist thanos iron man captain america epic finale superhero","Anthony Russo, Joe Russo","Robert Downey Jr. Chris Evans Mark Ruffalo Chris Hemsworth Scarlett Johansson Paul Rudd",2019,8.3,181,"After the devastating events of Infinity War, the universe is in ruins. With the help of remaining allies, the Avengers assemble once more to reverse Thanos' actions and restore order to the universe in an epic time heist.",United States
"Spider-Man: Far From Home","Action Adventure Science Fiction","marvel mcu spider-man mysterio illusions europe peter parker superhero mind-bending","Jon Watts","Tom Holland Samuel L. Jackson Jake Gyllenhaal Zendaya Cobie Smulders",2019,7.4,129,"Peter Parker's relaxing European vacation takes an unexpected turn when Nick Fury shows up in his hotel room to recruit him for a mission with the enigmatic Quentin Beck (Mysterio) to battle four elemental creatures.",United States
"Black Widow","Action Adventure Thriller","marvel mcu black widow yelena belova red room taskmaster espionage superhero action","Cate Shortland","Scarlett Johansson Florence Pugh David Harbour Rachel Weisz",2021,7.2,134,"Natasha Romanoff confronts the darker parts of her ledger when a dangerous conspiracy with ties to her past arises. Pursued by a force that will stop at nothing to bring her down, Natasha must deal with her history as a spy.",United States
"Shang-Chi and the Legend of the Ten Rings","Action Adventure Fantasy","marvel mcu shang-chi ten rings martial arts wenwu ta lo dragons action","Destin Daniel Cretton","Simu Liu Tony Leung Chiu-wai Awkwafina Meng'er Zhang Michelle Yeoh",2021,7.6,132,"Shang-Chi must confront the past he thought he left behind when he is drawn into the web of the mysterious Ten Rings organization led by his father Wenwu.",United States
"Eternals","Action Adventure Fantasy Science Fiction","marvel mcu eternals celestials immortals cosmic ancient history superhero","Chloé Zhao","Gemma Chan Richard Madden Kumail Nanjiani Angelina Jolie Salma Hayek",2021,6.9,156,"The Eternals, a race of immortal beings with superhuman powers who have secretly lived on Earth for thousands of years, reunite to battle the evil Deviants.",United States
"Spider-Man: No Way Home","Action Adventure Science Fiction","marvel mcu spider-man multiverse tobey maguire andrew garfield green goblin doctor strange emotional superhero","Jon Watts","Tom Holland Zendaya Benedict Cumberbatch Tobey Maguire Andrew Garfield Willem Dafoe",2021,8,148,"Peter Parker is unmasked and no longer able to separate his normal life from the high-stakes of being a super-hero. When he asks for help from Doctor Strange the stakes become even more dangerous, forcing him to discover what it truly means to be Spider-Man as villains from across the multiverse cross over.",United States
"Doctor Strange in the Multiverse of Madness","Fantasy Action Adventure Horror","marvel mcu multiverse doctor strange scarlet witch wanda maximoff darkhold illuminati horror mind-bending","Sam Raimi","Benedict Cumberbatch Elizabeth Olsen Chiwetel Ejiofor Benedict Wong Xochitl Gomez",2022,7.3,126,"Doctor Strange teams up with a mysterious teenage girl from his dreams who can travel across multiverses, to battle multiple threats, including other-universe versions of himself, which threaten to wipe out millions across the multiverse.",United States
"Thor: Love and Thunder","Fantasy Action Comedy","marvel mcu thor mighty thor gorr gods comedy superhero","Taika Waititi","Chris Hemsworth Christian Bale Natalie Portman Tessa Thompson Russell Crowe",2022,6.4,119,"Thor enlists the help of Valkyrie, Korg and ex-girlfriend Jane Foster, who can now wield his hammer as the Mighty Thor, to fight Gorr the God Butcher, who intends to make the gods extinct.",United States
"Black Panther: Wakanda Forever","Action Adventure Science Fiction","marvel mcu wakanda namor talokan shuri grief heartbreaking action","Ryan Coogler","Letitia Wright Lupita Nyong'o Danai Gurira Tenoch Huerta Mejía Angela Bassett",2022,7.2,161,"Queen Ramonda, Shuri, M'Baku, Okoye and the Dora Milaje fight to protect their nation from intervening world powers in the wake of King T'Challa's death as the underwater kingdom of Talokan emerges.",United States
"Ant-Man and the Wasp: Quantumania","Action Adventure Science Fiction","marvel mcu ant-man kang the conqueror quantum realm multiverse science fiction","Peyton Reed","Paul Rudd Evangeline Lilly Jonathan Majors Kathryn Newton Michelle Pfeiffer",2023,6.3,125,"Super-Hero partners Scott Lang and Hope van Dyne return to continue their adventures as Ant-Man and the Wasp. Together, with Hope's parents, they explore the Quantum Realm and interact with strange new creatures and Kang the Conqueror.",United States
"Guardians of the Galaxy Vol. 3","Science Fiction Adventure Action Comedy","marvel mcu guardians of the galaxy rocket raccoon high evolutionary found family heartbreaking inspiring soundtrack","James Gunn","Chris Pratt Zoe Saldana Dave Bautista Karen Gillan Bradley Cooper",2023,8,150,"Peter Quill, still reeling from the loss of Gamora, rallies his team around him to defend the universe and protect one of their own: Rocket. A mission that, if not completed successfully, could quite possibly lead to the end of the Guardians as we know them.",United States
"The Marvels","Science Fiction Adventure Action","marvel mcu the marvels ms marvel captain marvel monica rambeau cosmic comedy","Nia DaCosta","Brie Larson Teyonah Parris Iman Vellani Zawe Ashton Samuel L. Jackson",2023,6.1,105,"Carol Danvers gets her powers entangled with those of Kamala Khan and Monica Rambeau, forcing them to work together to save the universe.",United States
"Spider-Man","Action Adventure","marvel spider-man peter parker green goblin classic nostalgic origin story","Sam Raimi","Tobey Maguire Willem Dafoe Kirsten Dunst James Franco",2002,7.3,121,"After being bitten by a genetically altered spider, nerdy high school student Peter Parker is endowed with amazing powers to fight crime and his arch-enemy, the Green Goblin.",United States
"Spider-Man 2","Action Adventure Drama","marvel spider-man doc ock train fight classic superhero masterpiece nostalgic","Sam Raimi","Tobey Maguire Kirsten Dunst Alfred Molina James Franco",2004,7.3,127,"Peter Parker is beset with troubles in his failing personal life as he battles a brilliant scientist named Doctor Otto Octavius, who has become a menacing cyborg called Doc Ock.",United States
"Spider-Man 3","Action Adventure Fantasy","marvel spider-man venom black suit sandman new goblin action","Sam Raimi","Tobey Maguire Kirsten Dunst James Franco Thomas Haden Church Topher Grace",2007,6.4,139,"The seemingly invincible Spider-Man goes up against a new crop of villains—including the shape-shifting Sandman and Venom—while an alien symbiote bonds with Peter, bringing out his dark side.",United States
"The Amazing Spider-Man","Action Adventure Fantasy","marvel spider-man andrew garfield gwen stacy the lizard oscorp action","Marc Webb","Andrew Garfield Emma Stone Rhys Ifans Denis Leary",2012,6.7,136,"Peter Parker is an outcast high schooler who was abandoned by his parents as a boy. Like most teenagers, Peter is trying to figure out who he is and how he got to be the person he is today while confronting the Lizard.",United States
"The Amazing Spider-Man 2","Action Adventure Fantasy","marvel spider-man electro gwen stacy clock tower heartbreaking action","Marc Webb","Andrew Garfield Emma Stone Jamie Foxx Dane DeHaan",2014,6.5,142,"For Peter Parker, there's no feeling quite like swinging between skyscrapers, embracing being the hero, and spending time with Gwen. But being Spider-Man comes at a price as Electro emerges.",United States
"Spider-Man: Into the Spider-Verse","Animation Action Adventure Science Fiction","marvel spider-man miles morales spider-verse animation multiverse gwen stacy visual masterpiece","Bob Persichetti, Peter Ramsey, Rodney Rothman","Shameik Moore Jake Johnson Hailee Steinfeld Mahershala Ali",2018,8.4,117,"Teen Miles Morales becomes the new Spider-Man, but when Kingpin opens an interdimensional portal, alternate Spider-heroes from other realities cross into Brooklyn to help him stop the collider.",United States
"X-Men","Action Adventure Science Fiction","marvel x-men wolverine magneto professor x mutants nostalgic classic","Bryan Singer","Hugh Jackman Patrick Stewart Ian McKellen Famke Janssen Halle Berry",2000,7,104,"Two mutants come to a private academy for their kind whose resident superhero team must oppose a terrorist organization with similar powers led by Magneto.",United States
"X2: X-Men United","Action Adventure Science Fiction","marvel x-men wolverine stryker nightcrawler white house mutants action","Bryan Singer","Hugh Jackman Patrick Stewart Ian McKellen Halle Berry Brian Cox",2003,7.1,134,"When anti-mutant military scientist William Stryker attacks Professor X's school, the X-Men must forge an uneasy alliance with their bitter enemies, the Brotherhood of Mutants.",United States
"X-Men: Days of Future Past","Action Adventure Fantasy Science Fiction","marvel x-men wolverine time travel sentinels quicksilver dystopia mind-bending","Bryan Singer","Hugh Jackman James McAvoy Michael Fassbender Jennifer Lawrence Patrick Stewart",2014,7.5,132,"The ultimate X-Men ensemble fights a war for the survival of the species across two time periods as Wolverine is sent back in time to 1973 to prevent the creation of mutant-hunting Sentinels.",United States
"Logan","Action Drama Science Fiction","marvel wolverine logan x-23 professor x neo-western gritty heartbreaking masterpiece","James Mangold","Hugh Jackman Patrick Stewart Dafne Keen Boyd Holbrook",2017,7.8,137,"In the near future, a weary Logan cares for an ailing Professor X in a hide out on the Mexican border. But Logan's attempts to hide from the world and his legacy are up-ended when a young mutant arrives, being pursued by dark forces.",United States
"Deadpool","Action Adventure Comedy","marvel deadpool wade wilson fourth wall meta comedy action satire superhero","Tim Miller","Ryan Reynolds Morena Baccarin Ed Skrein T.J. Miller",2016,7.6,108,"The origin story of former Special Forces operative turned mercenary Wade Wilson, who, after being subjected to a rogue experiment that leaves him with accelerated healing powers, adopts the alter ego Deadpool.",United States
"Deadpool 2","Action Comedy Adventure","marvel deadpool cable domino x-force time travel comedy action","David Leitch","Ryan Reynolds Josh Brolin Morena Baccarin Julian Dennison Zazie Beetz",2018,7.5,119,"Wisecracking mercenary Deadpool battles the time-traveling cybernetic soldier Cable to save an angry mutant kid and recruits a rogue team of mutants called X-Force.",United States
"WandaVision","Sci-Fi & Fantasy Mystery Drama Comedy","marvel mcu wandavision scarlet witch vision agatha harkness sitcom mind-bending grief tv series","Matt Shakman","Elizabeth Olsen Paul Bettany Kathryn Hahn Teyonah Parris Randall Park",2021,8.2,350,"Wanda Maximoff and Vision—two super-powered beings living idealized suburban lives—begin to suspect that everything is not as it seems in the hex town of Westview.",United States
"The Falcon and the Winter Soldier","Sci-Fi & Fantasy Action & Adventure Drama","marvel mcu falcon winter soldier sam wilson bucky barnes baron zemo shield action tv series","Kari Skogland","Anthony Mackie Sebastian Stan Wyatt Russell Erin Kellyman Daniel Brühl",2021,7.6,300,"Following the events of Avengers: Endgame, Sam Wilson and Bucky Barnes team up in a global adventure that tests their abilities—and their patience—as they confront the Flag Smashers.",United States
"Loki","Drama Sci-Fi & Fantasy Action & Adventure","marvel mcu loki tva multiverse time travel mobius glorious purpose mind-bending tv series","Kate Herron, Justin Benson, Aaron Moorhead","Tom Hiddleston Sophia Di Martino Owen Wilson Gugu Mbatha-Raw Ke Huy Quan",2021,8.2,580,"After stealing the Tesseract during the events of Avengers: Endgame, an alternate version of Loki is brought to the mysterious Time Variance Authority (TVA), a bureaucratic organization that exists outside of time and space.",United States
"What If...?","Animation Action & Adventure Sci-Fi & Fantasy","marvel mcu what if the watcher animation multiverse alternate reality captain carter tv series","Bryan Andrews","Jeffrey Wright Hayley Atwell Chadwick Boseman Benedict Cumberbatch",2021,8,500,"Taking inspiration from the comic books of the same name, each episode explores a pivotal moment from the Marvel Cinematic Universe and turns it on its head, leading the audience into uncharted territory.",United States
"Hawkeye","Action & Adventure Comedy Drama","marvel mcu hawkeye kate bishop clint barton christmas new york archery action tv series","Rhys Thomas, Bert & Bertie","Jeremy Renner Hailee Steinfeld Vera Farmiga Fra Fee Florence Pugh",2021,7.9,290,"Former Avenger Clint Barton has a seemingly simple mission: get back to his family for Christmas. Possible? Maybe with the help of Kate Bishop, a 22-year-old archer with dreams of becoming a superhero.",United States
"Moon Knight","Action & Adventure Sci-Fi & Fantasy Mystery","marvel mcu moon knight marc spector steven grant khonshu egyptian mythology psychological mind-bending tv series","Mohamed Diab, Justin Benson, Aaron Moorhead","Oscar Isaac Ethan Hawke May Calamawy F. Murray Abraham",2022,7.8,280,"Steven Grant discovers he has dissociative identity disorder and shares a body with mercenary Marc Spector. As Steven/Marc's enemies converge upon them, they must navigate their complex identities while thrust into a deadly mystery among the powerful gods of Egypt.",United States
"Ms. Marvel","Sci-Fi & Fantasy Action & Adventure Comedy","marvel mcu ms marvel kamala khan teen hero coming-of-age feel-good tv series","Adil El Arbi, Bilall Fallah","Iman Vellani Matt Lintz Yasmeen Fletcher Zenobia Shroff",2022,7,270,"A great student, an avid gamer and a voracious fan-fiction scribe, Kamala Khan has a special affinity for superheroes, particularly Captain Marvel. But she struggles to fit in until she gets superpowers of her own.",United States
"She-Hulk: Attorney at Law","Comedy Sci-Fi & Fantasy Action & Adventure","marvel mcu she-hulk jennifer walters lawyer hulk fourth wall comedy tv series","Kat Coiro, Anu Valia","Tatiana Maslany Jameela Jamil Ginger Gonzaga Mark Ruffalo Tim Roth",2022,6.3,280,"Jennifer Walters navigates the complicated life of a single, 30-something attorney who also happens to be a green 6-foot-7-inch superpowered hulk.",United States
"Secret Invasion","Drama Sci-Fi & Fantasy Action & Adventure","marvel mcu secret invasion nick fury skrulls paranoia thriller espionage tv series","Ali Selim","Samuel L. Jackson Ben Mendelsohn Emilia Clarke Olivia Colman Kingsley Ben-Adir",2023,6.2,250,"Nick Fury learns of a clandestine invasion of Earth by a faction of shapeshifting Skrulls. Fury joins his allies to race against time to thwart an imminent Skrull invasion.",United States
"Echo","Action & Adventure Crime Drama","marvel mcu echo maya lopez kingpin daredevil gritty crime tv series","Sydney Freeland, Catriona McKenzie","Alaqua Cox Chaske Spencer Tantoo Cardinal Vincent D'Onofrio",2024,6.8,200,"Maya Lopez must face her past, reconnect with her Native American roots and embrace the meaning of family and community if she ever hopes to move forward while pursued by Wilson Fisk's empire.",United States
"Agatha All Along","Sci-Fi & Fantasy Comedy Mystery","marvel mcu agatha harkness witches road magic coven spooky comedy tv series","Jac Schaeffer, Gandja Monteiro, Rachel Goldberg","Kathryn Hahn Joe Locke Sasheer Zamata Aubrey Plaza Patti LuPone",2024,7.7,360,"The infamous Agatha Harkness finds herself down and out of power after a suspicious goth teen helps break her free from a distorted spell. Her interest is piqued when he begs her to take him on the legendary Witches' Road.",United States
"Daredevil","Crime Drama Action & Adventure","marvel daredevil matt murdock kingpin hells kitchen hallway fight gritty dark superhero masterpiece tv series","Drew Goddard","Charlie Cox Deborah Ann Woll Elden Henson Vincent D'Onofrio",2015,8.3,1800,"Blinded as a young boy, Matt Murdock fights injustice by day as a lawyer and by night as the superhero Daredevil in Hell's Kitchen, New York City.",United States
"The Punisher","Crime Drama Action & Adventure","marvel punisher frank castle revenge military action gritty dark tv series","Steve Lightfoot","Jon Bernthal Ebon Moss-Bachrach Ben Barnes Amber Rose Revah",2017,8.2,1300,"A former Marine out to punish the criminals responsible for his family's murder finds himself ensnared in a military conspiracy.",United States
"X-Men '97","Animation Action & Adventure Sci-Fi & Fantasy","marvel x-men x-men 97 animation cyclops magneto wolverine nostalgic masterpiece tv series","Beau DeMayo, Jake Castorena","Ray Chase Jennifer Hale Lenore Zann George Buza Matthew Waterson",2024,8.5,320,"A band of mutants who use their uncanny gifts to protect a world that hates and fears them are challenged like never before, forced to face a dangerous and unexpected new future following the loss of Professor X.",United States